"subnum","dxgrp","agevisit","gender","psstot","phycomp","sapstot","sanstot","hba1c","TST.1","TST.2","TST.3","TST.4","TST.5","TST.6","TST.7","StepsCounts.1","StepsCounts.2","StepsCounts.3","StepsCounts.4","StepsCounts.5","StepsCounts.6","StepsCounts.7"
1,1,54.25051,1,7,54.60931,1,1,5.6,303,219,287,115,210,217,338,2612,988,410,854,844,425,469
2,1,52.49008,0,12,57.96762,1,0,5,470,450,360,317,440,453,338,289,211,564,481,304,111,605
3,1,33.48118,0,20,21.97076,0,1,5.5,442,348,318,432,257,354,360,132,282,270,203,135,239,77
4,1,63.82204,0,27,27.64929,0,0,6.1,307,363,308,330,371,280,316,365,243,528,294,659,220,202
5,1,39.16222,0,13,51.12582,0,2,5.2,301,528,471,480,489,460,405,132,413,218,214,471,111,77
6,1,30.04244,1,14,53.55061,0,2,5,457,397,308,291,271,217,271,132,303,187,117,135,76,152
7,1,47.1896,0,12,50.00956,0,1,5.4,462,268,285,317,199,122,166,132,119,1435,435,264,107,330
8,1,49.52225,1,11,53.66149,0,0,5.5,296,439,382,291,342,334,324,462,836,241,214,456,362,239
9,1,52.48734,1,3,58.92911,0,0,4.7,457,453,500,380,425,464,421,519,211,188,353,495,271,673
10,1,64.73101,1,10,56.61751,0,0,5.4,413,528,401,378,331,464,367,254,387,271,262,134,320,396
11,1,68.36687,1,8,57.10635,1,0,6.1,258,397,392,211,440,354,246,347,233,313,344,338,362,277
12,1,71.57016,0,11,59.48813,0,0,5.1,292,363,344,273,351,462,190,470,68,394,438,273,726,1214
13,1,34.24504,1,7,56.61751,1,2,5.1,470,391,471,370,342,409,434,203,211,111,125,106,204,77
14,1,42.45585,1,14,56.61751,0,2,5.1,442,453,339,317,351,204,311,470,159,213,51,95,76,152
15,1,42.81177,0,11,32.02304,0,0,6.1,164,334,285,313,331,204,190,203,883,388,294,478,425,165
16,1,66.49144,0,11,52.21035,0,0,5.6,332,302,344,330,379,223,368,1125,1189,495,2078,903,2129,1214
17,1,49.56605,0,9,54.89881,0,0,5.4,153,357,360,313,359,334,166,519,452,500,411,1142,2129,568
18,1,56.49281,0,3,54.60931,0,0,5,432,450,479,441,488,430,316,176,68,254,131,161,204,271
19,1,36.7447,1,10,52.08578,0,-7,6.1,96,260,293,317,199,122,166,1357,1189,1435,487,903,2129,396
20,1,34.24504,1,14,57.98235,1,1,5.1,413,337,410,368,407,460,367,254,118,146,159,171,316,167
21,1,58.51608,0,9,52.89096,0,2,5.5,326,364,396,378,379,223,271,132,159,218,193,134,111,210
22,1,49.52225,1,27,50.46131,0,0,6.1,164,317,206,273,351,246,209,519,723,966,438,676,453,256
23,1,56.49281,1,19,56.97785,0,0,5.7,96,317,281,211,342,223,166,192,243,213,164,161,284,167
24,1,56.49281,0,18,58.92911,1,2,5,562,398,339,188,489,427,337,712,226,500,193,264,278,728
25,1,68.36687,0,14,50.46131,0,2,5.6,432,298,285,273,361,264,245,214,87,478,438,423,320,605
26,1,42.45585,1,15,58.92911,0,0,6.1,96,196,372,115,355,204,209,1264,594,271,435,676,1470,210
27,1,49.56605,1,11,50.00956,1,1,5.4,562,398,444,543,419,387,434,163,511,409,707,598,258,396
28,1,39.09925,0,9,58.64579,0,0,4.7,462,439,473,368,409,653,457,1357,410,187,411,282,362,605
29,1,70.80903,0,3,52.08578,0,-7,5.3,430,435,444,313,408,284,405,1429,450,388,435,471,418,1075
30,1,64.77207,0,14,51.12582,0,0,5.7,440,298,390,211,379,122,367,741,644,528,435,495,278,605
31,1,61.65092,0,10,52.88921,0,0,5.2,307,483,307,378,397,315,246,289,594,564,435,471,271,673
32,1,56.49281,1,18,50.00956,0,0,6.1,152,317,295,330,210,223,271,254,600,528,707,470,332,210
33,1,34.24504,0,8,52.89096,0,1,5.1,442,435,390,370,361,264,316,483,600,793,203,470,319,330
34,1,43.24435,1,18,54.59466,1,0,5.5,379,302,452,432,345,460,434,1055,551,313,435,585,726,277
35,1,33.71389,1,14,57.96762,0,2,5.7,96,196,307,211,359,204,190,411,560,241,438,676,938,202
36,1,32.98289,1,9,56.97785,0,0,5.5,303,410,348,368,371,217,316,192,723,188,438,282,284,210
37,1,52.49008,0,7,57.10635,0,2,4.7,457,357,382,425,413,427,457,214,836,218,2631,676,220,1075
38,1,52.48734,0,24,57.97171,0,0,5.4,430,364,287,339,363,354,311,347,243,966,763,282,332,763
39,2,44.12047,0,16,57.87238,7,5,5.2,198,473,382,387,403,485,375,199,1314,1284,1378,1090,830,1396
40,2,63.67146,1,14,33.33452,6,3,10.3,68,59,259,247,58,91,87,316,626,1118,811,232,830,81
41,2,31.79192,1,24,25.23832,9,13,5.6,269,233,300,231,204,179,306,505,166,405,821,187,58,803
42,2,63.67146,1,18,42.06343,9,7,6.6,255,473,559,233,608,263,328,116,431,387,1313,343,354,194
43,2,35.1102,1,26,24.10519,10,7,6.6,302,154,214,245,157,141,283,1200,301,121,913,347,276,261
44,2,59.84942,1,14,65.82998,2,1,5.1,385,684,480,547,608,444,391,51,529,1284,541,335,411,261
45,2,41.47296,1,20,28.17845,2,3,5.6,380,409,530,491,338,393,391,225,77,157,159,125,170,97
46,2,60.27926,0,13,28.17845,5,10,7.2,68,59,240,185,243,179,283,2,77,242,208,559,297,97
47,2,68.564,1,8,43.76424,5,3,7.3,198,73,243,245,251,91,208,73,305,240,1313,396,830,97
48,2,54.29706,1,10,43.47108,1,5,6,198,59,243,277,157,141,145,761,431,444,811,785,830,261
49,2,51.72621,0,20,46.45809,7,7,5.1,380,620,415,277,608,485,406,225,407,398,159,408,244,395
50,2,61.67283,0,29,46.45809,6,13,7.2,302,535,480,245,609,324,391,205,677,612,1313,347,870,280
51,2,51.72621,0,10,36.21981,7,7,6.6,395,282,769,668,608,505,406,1200,431,1118,292,187,575,679
52,2,68.564,0,19,47.10013,6,5,10.3,42,73,24,12,157,91,87,131,1314,372,227,187,411,67
53,2,41.47296,0,29,37.33305,10,2,5.6,666,535,300,547,338,263,478,505,158,121,74,23,170,99
54,2,53.2731,1,20,33.33452,5,10,7.2,259,154,289,274,173,166,327,170,158,235,555,343,305,112
55,2,39.57563,0,29,25.23832,12,13,5.9,334,473,467,304,355,510,466,128,201,235,211,335,244,395
56,2,41.47296,1,16,57.87238,7,3,5.2,380,409,298,245,609,393,406,92,301,240,54,347,204,109
57,2,39.57563,1,35,39.47704,4,7,6.4,255,353,271,236,157,91,208,1200,2949,1284,1313,232,575,679
58,2,53.2731,1,35,24.10519,10,15,10.3,176,241,214,231,157,179,208,1200,1314,175,208,559,1824,114
59,2,67.89049,1,10,57.87238,6,3,5.2,176,473,326,245,339,324,283,131,384,306,229,396,244,112
60,2,61.67283,1,16,39.47704,9,5,10.3,85,73,24,233,157,141,145,73,158,132,124,125,204,67
61,2,57.39083,1,16,66.08038,2,1,4.9,631,684,530,491,609,450,564,170,312,444,821,559,354,938
62,2,60.27926,0,9,46.45809,9,7,6.4,479,324,398,491,355,450,363,423,1314,283,555,559,830,803
63,2,49.25667,0,20,49.88769,10,7,6,303,684,559,236,673,485,661,2,111,88,259,299,204,107
